ID_EXTRA,ID_OFICIAL,FECHA,HORAS,ESTADO
HE0001,OF158,2025-06-03,4,Aprobada
HE0002,OF004,2025-02-28,5,Aprobada
HE0003,OF203,2025-10-19,4,Rechazada
HE0004,OF090,2025-04-10,2,Pendiente
HE0005,OF246,2025-08-31,6,Aprobada
HE0006,OF070,2025-09-04,2,Aprobada
HE0007,OF275,2025-06-21,3,Pendiente
HE0008,OF212,2025-01-29,6,Aprobada
HE0009,OF290,2025-12-14,2,Aprobada
HE0010,OF010,2025-04-17,4,Aprobada
HE0011,OF182,2025-02-03,2,Aprobada
HE0012,OF016,2025-06-23,3,Aprobada
HE0013,OF085,2025-10-20,4,Aprobada
HE0014,OF060,2025-06-07,5,Pendiente
HE0015,OF017,2025-05-20,3,Aprobada
HE0016,OF122,2025-07-10,3,Pendiente
HE0017,OF155,2025-04-21,4,Aprobada
HE0018,OF058,2025-07-11,6,Aprobada
HE0019,OF104,2025-02-17,3,Aprobada
HE0020,OF248,2025-09-14,2,Aprobada
HE0021,OF248,2025-09-26,2,Pendiente
HE0022,OF074,2025-02-20,6,Rechazada
HE0023,OF265,2025-12-13,2,Aprobada
HE0024,OF019,2025-08-24,3,Pendiente
HE0025,OF268,2025-03-01,1,Aprobada
HE0026,OF023,2025-12-18,6,Aprobada
HE0027,OF045,2025-06-20,3,Pendiente
HE0028,OF053,2025-09-24,6,Aprobada
HE0029,OF160,2025-01-12,4,Pendiente
HE0030,OF108,2025-06-14,2,Aprobada
HE0031,OF142,2025-09-30,2,Pendiente
HE0032,OF061,2025-05-20,2,Aprobada
HE0033,OF059,2025-01-08,4,Aprobada
HE0034,OF053,2025-04-16,4,Aprobada
HE0035,OF164,2025-05-19,2,Rechazada
HE0036,OF146,2025-10-21,2,Aprobada
HE0037,OF160,2025-11-10,2,Aprobada
HE0038,OF026,2025-03-08,1,Aprobada
HE0039,OF026,2025-02-24,3,Aprobada
HE0040,OF219,2025-07-20,2,Pendiente
HE0041,OF229,2025-11-12,2,Aprobada
HE0042,OF102,2025-12-10,6,Aprobada
HE0043,OF239,2025-10-18,2,Aprobada
HE0044,OF240,2025-02-19,3,Aprobada
HE0045,OF239,2025-08-29,2,Rechazada
HE0046,OF074,2025-11-12,2,Rechazada
HE0047,OF201,2025-04-04,5,Rechazada
HE0048,OF170,2025-06-16,3,Aprobada
HE0049,OF034,2025-09-01,1,Aprobada
HE0050,OF237,2025-03-29,2,Pendiente
HE0051,OF295,2025-03-07,4,Aprobada
HE0052,OF055,2025-06-16,4,Aprobada
HE0053,OF155,2025-09-30,3,Aprobada
HE0054,OF212,2025-05-03,4,Aprobada
HE0055,OF082,2025-09-04,3,Aprobada
HE0056,OF107,2025-12-22,4,Aprobada
HE0057,OF223,2025-10-18,6,Aprobada
HE0058,OF121,2025-03-30,5,Aprobada
HE0059,OF294,2025-09-07,1,Aprobada
HE0060,OF238,2025-06-16,4,Aprobada
HE0061,OF228,2025-04-01,2,Rechazada
HE0062,OF036,2025-11-03,1,Aprobada
HE0063,OF195,2025-06-17,3,Aprobada
HE0064,OF032,2025-02-16,2,Pendiente
HE0065,OF298,2025-11-22,6,Aprobada
HE0066,OF076,2025-12-05,2,Aprobada
HE0067,OF150,2025-07-19,4,Aprobada
HE0068,OF101,2025-04-16,5,Pendiente
HE0069,OF154,2025-10-19,6,Rechazada
HE0070,OF156,2025-08-11,5,Rechazada
HE0071,OF177,2025-02-15,4,Aprobada
HE0072,OF262,2025-07-26,6,Aprobada
HE0073,OF151,2025-02-01,2,Rechazada
HE0074,OF028,2025-01-01,5,Aprobada
HE0075,OF184,2025-02-26,6,Aprobada
HE0076,OF016,2025-05-01,3,Pendiente
HE0077,OF202,2025-11-17,2,Pendiente
HE0078,OF208,2025-07-15,3,Aprobada
HE0079,OF089,2025-09-01,2,Aprobada
HE0080,OF197,2025-07-04,6,Aprobada
HE0081,OF148,2025-12-10,2,Aprobada
HE0082,OF037,2025-11-28,1,Aprobada
HE0083,OF250,2025-12-03,3,Rechazada
HE0084,OF070,2025-02-13,2,Aprobada
HE0085,OF213,2025-08-22,6,Aprobada
HE0086,OF218,2025-11-16,2,Aprobada
HE0087,OF218,2025-10-10,6,Aprobada
HE0088,OF182,2025-04-26,2,Aprobada
HE0089,OF004,2025-10-23,3,Pendiente
HE0090,OF122,2025-12-31,4,Aprobada
HE0091,OF280,2025-10-23,2,Aprobada
HE0092,OF020,2025-10-18,3,Pendiente
HE0093,OF058,2025-10-25,3,Rechazada
HE0094,OF041,2025-03-14,5,Pendiente
HE0095,OF144,2025-08-27,4,Aprobada
HE0096,OF046,2025-05-06,3,Aprobada
HE0097,OF040,2025-12-17,5,Aprobada
HE0098,OF297,2025-06-09,4,Aprobada
HE0099,OF176,2025-10-01,6,Aprobada
HE0100,OF233,2025-09-20,3,Aprobada
HE0101,OF170,2025-08-04,2,Rechazada
HE0102,OF151,2025-05-29,2,Aprobada
HE0103,OF156,2025-10-16,2,Aprobada
HE0104,OF243,2025-10-24,2,Aprobada
HE0105,OF150,2025-11-16,1,Aprobada
HE0106,OF043,2025-03-06,4,Aprobada
HE0107,OF143,2025-05-10,2,Aprobada
HE0108,OF141,2025-05-12,1,Pendiente
HE0109,OF090,2025-10-30,5,Aprobada
HE0110,OF229,2025-07-09,6,Aprobada
HE0111,OF121,2025-09-06,2,Pendiente
HE0112,OF017,2025-06-25,1,Rechazada
HE0113,OF079,2025-09-11,6,Rechazada
HE0114,OF197,2025-05-02,5,Aprobada
HE0115,OF086,2025-04-18,4,Pendiente
HE0116,OF177,2025-01-28,5,Aprobada
HE0117,OF060,2025-01-27,2,Aprobada
HE0118,OF244,2025-06-04,3,Pendiente
HE0119,OF273,2025-04-30,3,Aprobada
HE0120,OF200,2025-08-31,2,Aprobada
HE0121,OF223,2025-01-07,2,Rechazada
HE0122,OF230,2025-07-15,5,Aprobada
HE0123,OF272,2025-12-16,1,Aprobada
HE0124,OF273,2025-11-23,2,Rechazada
HE0125,OF222,2025-11-09,5,Pendiente
HE0126,OF172,2025-05-19,2,Pendiente
HE0127,OF131,2025-12-02,4,Aprobada
HE0128,OF124,2025-12-11,4,Pendiente
HE0129,OF267,2025-06-22,5,Aprobada
HE0130,OF093,2025-06-10,4,Aprobada
HE0131,OF005,2025-02-04,1,Aprobada
HE0132,OF269,2025-02-23,5,Aprobada
HE0133,OF113,2025-05-26,2,Aprobada
HE0134,OF013,2025-11-14,1,Aprobada
HE0135,OF112,2025-11-03,5,Aprobada
HE0136,OF062,2025-02-14,6,Aprobada
HE0137,OF193,2025-12-03,6,Pendiente
HE0138,OF290,2025-04-05,1,Aprobada
HE0139,OF130,2025-05-31,3,Aprobada
HE0140,OF039,2025-11-24,3,Rechazada
HE0141,OF142,2025-08-07,5,Rechazada
HE0142,OF166,2025-05-12,2,Pendiente
HE0143,OF142,2025-02-01,3,Aprobada
HE0144,OF031,2025-05-13,6,Aprobada
HE0145,OF226,2025-02-05,3,Rechazada
HE0146,OF103,2025-11-09,3,Aprobada
HE0147,OF252,2025-02-25,2,Aprobada
HE0148,OF221,2025-04-22,4,Aprobada
HE0149,OF227,2025-05-13,1,Aprobada
HE0150,OF037,2025-10-20,5,Aprobada
HE0151,OF229,2025-01-10,3,Aprobada
HE0152,OF001,2025-01-20,5,Aprobada
HE0153,OF078,2025-12-25,2,Rechazada
HE0154,OF295,2025-01-02,4,Pendiente
HE0155,OF252,2025-09-02,3,Aprobada
HE0156,OF036,2025-10-04,2,Aprobada
HE0157,OF247,2025-03-04,4,Aprobada
HE0158,OF184,2025-06-20,5,Aprobada
HE0159,OF029,2025-11-20,5,Aprobada
HE0160,OF274,2025-06-24,1,Pendiente
HE0161,OF149,2025-11-28,2,Aprobada
HE0162,OF021,2025-07-16,5,Aprobada
HE0163,OF200,2025-02-24,5,Aprobada
HE0164,OF250,2025-02-13,5,Aprobada
HE0165,OF098,2025-03-13,1,Aprobada
HE0166,OF123,2025-09-08,3,Aprobada
HE0167,OF277,2025-11-26,2,Aprobada
HE0168,OF231,2025-01-09,1,Aprobada
HE0169,OF173,2025-01-22,3,Aprobada
HE0170,OF268,2025-08-23,5,Pendiente
HE0171,OF275,2025-03-18,5,Aprobada
HE0172,OF037,2025-01-19,5,Aprobada
HE0173,OF010,2025-08-30,4,Aprobada
HE0174,OF067,2025-01-08,2,Aprobada
HE0175,OF158,2025-02-19,3,Aprobada
HE0176,OF033,2025-02-24,1,Aprobada
HE0177,OF113,2025-02-02,6,Aprobada
HE0178,OF173,2025-12-14,3,Aprobada
HE0179,OF295,2025-10-07,2,Aprobada
HE0180,OF110,2025-01-24,4,Aprobada
HE0181,OF033,2025-03-03,2,Aprobada
HE0182,OF213,2025-03-28,5,Aprobada
HE0183,OF085,2025-08-13,2,Rechazada
HE0184,OF021,2025-03-10,1,Pendiente
HE0185,OF193,2025-03-22,1,Pendiente
HE0186,OF042,2025-01-04,1,Aprobada
HE0187,OF046,2025-12-28,5,Aprobada
HE0188,OF146,2025-08-02,5,Pendiente
HE0189,OF244,2025-12-21,2,Aprobada
HE0190,OF139,2025-09-25,3,Aprobada
HE0191,OF090,2025-11-09,5,Aprobada
HE0192,OF093,2025-09-13,4,Rechazada
HE0193,OF155,2025-06-28,3,Aprobada
HE0194,OF121,2025-04-09,1,Rechazada
HE0195,OF049,2025-11-13,2,Pendiente
HE0196,OF277,2025-09-17,2,Aprobada
HE0197,OF107,2025-05-22,1,Aprobada
HE0198,OF077,2025-12-17,6,Rechazada
HE0199,OF243,2025-09-12,2,Aprobada
HE0200,OF023,2025-01-28,5,Aprobada
HE0201,OF108,2025-08-11,2,Aprobada
HE0202,OF233,2025-01-23,1,Pendiente
HE0203,OF276,2025-04-01,2,Pendiente
HE0204,OF249,2025-09-21,1,Aprobada
HE0205,OF121,2025-08-16,4,Aprobada
HE0206,OF215,2025-04-12,5,Aprobada
HE0207,OF167,2025-04-28,6,Aprobada
HE0208,OF117,2025-02-20,2,Pendiente
HE0209,OF103,2025-07-12,2,Aprobada
HE0210,OF300,2025-09-06,1,Pendiente
HE0211,OF075,2025-04-21,4,Aprobada
HE0212,OF199,2025-07-11,2,Aprobada
HE0213,OF100,2025-11-20,2,Rechazada
HE0214,OF104,2025-06-21,2,Aprobada
HE0215,OF292,2025-01-31,2,Aprobada
HE0216,OF239,2025-08-23,3,Aprobada
HE0217,OF176,2025-04-23,2,Aprobada
HE0218,OF088,2025-10-23,4,Pendiente
HE0219,OF045,2025-07-30,6,Aprobada
HE0220,OF111,2025-10-30,3,Pendiente
HE0221,OF143,2025-01-08,5,Aprobada
HE0222,OF127,2025-05-07,2,Aprobada
HE0223,OF114,2025-10-30,2,Rechazada
HE0224,OF003,2025-08-02,1,Aprobada
HE0225,OF241,2025-09-16,1,Aprobada
HE0226,OF202,2025-09-03,6,Pendiente
HE0227,OF051,2025-08-20,3,Aprobada
HE0228,OF286,2025-01-07,5,Pendiente
HE0229,OF112,2025-03-09,2,Aprobada
HE0230,OF047,2025-01-09,3,Aprobada
HE0231,OF083,2025-12-27,3,Pendiente
HE0232,OF299,2025-01-13,3,Aprobada
HE0233,OF071,2025-12-27,3,Aprobada
HE0234,OF190,2025-11-17,3,Pendiente
HE0235,OF001,2025-11-18,1,Aprobada
HE0236,OF171,2025-09-29,1,Aprobada
HE0237,OF139,2025-12-24,4,Aprobada
HE0238,OF107,2025-12-17,1,Aprobada
HE0239,OF172,2025-01-29,4,Rechazada
HE0240,OF187,2025-01-27,1,Aprobada
HE0241,OF239,2025-11-13,1,Aprobada
HE0242,OF090,2025-11-28,4,Pendiente
HE0243,OF288,2025-12-30,6,Aprobada
HE0244,OF172,2025-05-03,4,Aprobada
HE0245,OF245,2025-10-25,6,Rechazada
HE0246,OF108,2025-04-26,2,Aprobada
HE0247,OF137,2025-09-15,5,Aprobada
HE0248,OF028,2025-02-02,2,Aprobada
HE0249,OF249,2025-09-14,4,Pendiente
HE0250,OF241,2025-12-30,4,Aprobada
HE0251,OF273,2025-05-30,3,Aprobada
HE0252,OF034,2025-04-07,3,Aprobada
HE0253,OF201,2025-04-02,2,Rechazada
HE0254,OF040,2025-02-25,2,Aprobada
HE0255,OF076,2025-09-12,2,Pendiente
HE0256,OF267,2025-11-18,1,Aprobada
HE0257,OF278,2025-03-09,3,Aprobada
HE0258,OF228,2025-11-27,1,Aprobada
HE0259,OF033,2025-01-12,6,Pendiente
HE0260,OF267,2025-11-27,2,Aprobada
HE0261,OF176,2025-12-02,5,Pendiente
HE0262,OF249,2025-10-31,5,Aprobada
HE0263,OF281,2025-08-16,3,Aprobada
HE0264,OF068,2025-06-06,2,Pendiente
HE0265,OF117,2025-09-05,2,Rechazada
HE0266,OF025,2025-03-17,2,Aprobada
HE0267,OF086,2025-11-13,2,Pendiente
HE0268,OF147,2025-04-04,2,Pendiente
HE0269,OF079,2025-03-24,2,Aprobada
HE0270,OF163,2025-10-22,2,Aprobada
HE0271,OF190,2025-04-05,2,Aprobada
HE0272,OF018,2025-12-07,2,Rechazada
HE0273,OF076,2025-07-10,3,Aprobada
HE0274,OF084,2025-10-01,2,Aprobada
HE0275,OF013,2025-07-27,3,Pendiente
HE0276,OF235,2025-06-13,2,Aprobada
HE0277,OF280,2025-09-17,2,Aprobada
HE0278,OF152,2025-08-31,2,Rechazada
HE0279,OF294,2025-12-08,2,Pendiente
HE0280,OF227,2025-06-23,5,Aprobada
HE0281,OF246,2025-01-21,2,Aprobada
HE0282,OF060,2025-06-07,1,Aprobada
HE0283,OF113,2025-08-17,2,Aprobada
HE0284,OF029,2025-11-08,5,Aprobada
HE0285,OF270,2025-04-24,6,Rechazada
HE0286,OF143,2025-04-11,1,Aprobada
HE0287,OF229,2025-12-13,5,Rechazada
HE0288,OF263,2025-07-21,2,Aprobada
HE0289,OF262,2025-01-29,5,Aprobada
HE0290,OF076,2025-08-07,2,Aprobada
HE0291,OF007,2025-05-26,2,Aprobada
HE0292,OF229,2025-10-15,1,Aprobada
HE0293,OF228,2025-08-01,6,Aprobada
HE0294,OF084,2025-08-06,5,Pendiente
HE0295,OF072,2025-10-28,4,Aprobada
HE0296,OF107,2025-06-05,3,Rechazada
HE0297,OF269,2025-06-21,1,Rechazada
HE0298,OF193,2025-02-15,1,Aprobada
HE0299,OF140,2025-08-01,2,Aprobada
HE0300,OF291,2025-03-12,2,Aprobada
HE0301,OF196,2025-05-29,4,Aprobada
HE0302,OF155,2025-10-27,2,Aprobada
HE0303,OF238,2025-04-25,1,Pendiente
HE0304,OF079,2025-05-15,2,Rechazada
HE0305,OF242,2025-03-05,5,Aprobada
HE0306,OF148,2025-08-02,2,Aprobada
HE0307,OF126,2025-01-15,1,Pendiente
HE0308,OF253,2025-02-04,4,Pendiente
HE0309,OF298,2025-09-04,4,Aprobada
HE0310,OF133,2025-11-18,5,Aprobada
HE0311,OF062,2025-07-11,4,Pendiente
HE0312,OF009,2025-05-13,2,Aprobada
HE0313,OF075,2025-06-13,3,Pendiente
HE0314,OF070,2025-07-02,2,Aprobada
HE0315,OF185,2025-08-03,5,Rechazada
HE0316,OF183,2025-01-25,2,Aprobada
HE0317,OF040,2025-09-21,2,Pendiente
HE0318,OF094,2025-02-18,4,Pendiente
HE0319,OF279,2025-06-15,6,Aprobada
HE0320,OF155,2025-05-19,5,Aprobada
HE0321,OF186,2025-02-19,4,Aprobada
HE0322,OF074,2025-01-07,2,Aprobada
HE0323,OF191,2025-09-06,3,Aprobada
HE0324,OF084,2025-02-22,2,Aprobada
HE0325,OF114,2025-04-07,6,Pendiente
HE0326,OF270,2025-09-30,5,Aprobada
HE0327,OF059,2025-08-02,3,Rechazada
HE0328,OF060,2025-03-09,1,Aprobada
HE0329,OF160,2025-12-20,2,Aprobada
HE0330,OF227,2025-11-02,4,Pendiente
HE0331,OF176,2025-03-30,5,Aprobada
HE0332,OF061,2025-04-24,2,Pendiente
HE0333,OF073,2025-12-19,2,Aprobada
HE0334,OF108,2025-03-08,1,Aprobada
HE0335,OF058,2025-02-09,1,Pendiente
HE0336,OF221,2025-01-22,2,Aprobada
HE0337,OF263,2025-10-31,1,Aprobada
HE0338,OF130,2025-01-23,1,Aprobada
HE0339,OF006,2025-02-19,6,Aprobada
HE0340,OF106,2025-10-28,2,Aprobada
HE0341,OF180,2025-01-15,1,Aprobada
HE0342,OF143,2025-10-24,2,Aprobada
HE0343,OF257,2025-11-10,2,Aprobada
HE0344,OF035,2025-02-20,6,Aprobada
HE0345,OF008,2025-09-28,2,Pendiente
HE0346,OF145,2025-03-29,6,Aprobada
HE0347,OF051,2025-04-20,4,Pendiente
HE0348,OF244,2025-07-07,5,Aprobada
HE0349,OF226,2025-12-11,1,Aprobada
HE0350,OF182,2025-07-14,3,Aprobada
HE0351,OF117,2025-07-28,1,Pendiente
HE0352,OF161,2025-03-05,3,Aprobada
HE0353,OF070,2025-09-11,6,Aprobada
HE0354,OF148,2025-10-13,5,Aprobada
HE0355,OF168,2025-09-10,1,Aprobada
HE0356,OF234,2025-11-04,5,Aprobada
HE0357,OF228,2025-04-26,4,Aprobada
HE0358,OF220,2025-04-07,6,Aprobada
HE0359,OF244,2025-12-14,2,Aprobada
HE0360,OF252,2025-12-11,1,Aprobada
HE0361,OF268,2025-12-04,5,Aprobada
HE0362,OF074,2025-07-22,3,Aprobada
HE0363,OF053,2025-03-28,1,Aprobada
HE0364,OF102,2025-06-23,2,Aprobada
HE0365,OF207,2025-03-04,2,Pendiente
HE0366,OF256,2025-05-23,6,Pendiente
HE0367,OF298,2025-10-31,2,Pendiente
HE0368,OF205,2025-07-02,3,Aprobada
HE0369,OF208,2025-09-06,4,Aprobada
HE0370,OF233,2025-02-25,1,Aprobada
HE0371,OF255,2025-04-29,5,Rechazada
HE0372,OF016,2025-02-20,5,Aprobada
HE0373,OF035,2025-09-13,5,Aprobada
HE0374,OF092,2025-07-15,4,Aprobada
HE0375,OF079,2025-06-05,4,Aprobada
HE0376,OF040,2025-12-05,6,Aprobada
HE0377,OF253,2025-08-27,2,Aprobada
HE0378,OF255,2025-09-09,4,Aprobada
HE0379,OF176,2025-10-04,4,Aprobada
HE0380,OF017,2025-08-09,1,Aprobada
HE0381,OF162,2025-07-12,3,Aprobada
HE0382,OF017,2025-04-01,4,Aprobada
HE0383,OF156,2025-12-28,2,Aprobada
HE0384,OF069,2025-06-09,5,Aprobada
HE0385,OF057,2025-10-19,5,Aprobada
HE0386,OF284,2025-12-17,4,Aprobada
HE0387,OF244,2025-10-15,6,Aprobada
HE0388,OF029,2025-07-20,2,Aprobada
HE0389,OF194,2025-11-12,5,Aprobada
HE0390,OF146,2025-06-14,1,Aprobada
HE0391,OF024,2025-03-07,6,Aprobada
HE0392,OF299,2025-01-14,6,Pendiente
HE0393,OF175,2025-07-14,1,Aprobada
HE0394,OF183,2025-07-30,2,Aprobada
HE0395,OF126,2025-05-07,2,Aprobada
HE0396,OF044,2025-12-19,1,Pendiente
HE0397,OF059,2025-06-22,2,Aprobada
HE0398,OF167,2025-01-20,3,Aprobada
HE0399,OF217,2025-10-18,4,Rechazada
HE0400,OF137,2025-01-11,5,Aprobada
HE0401,OF012,2025-06-12,3,Aprobada
HE0402,OF166,2025-10-21,1,Pendiente
HE0403,OF052,2025-12-20,5,Aprobada
HE0404,OF255,2025-09-15,6,Pendiente
HE0405,OF174,2025-03-27,4,Aprobada
HE0406,OF224,2025-04-14,3,Aprobada
HE0407,OF039,2025-10-02,2,Aprobada
HE0408,OF025,2025-06-02,4,Aprobada
HE0409,OF116,2025-11-16,5,Rechazada
HE0410,OF297,2025-02-18,4,Aprobada
HE0411,OF035,2025-10-18,6,Aprobada
HE0412,OF219,2025-04-18,2,Pendiente
HE0413,OF155,2025-09-16,6,Aprobada
HE0414,OF277,2025-06-10,2,Aprobada
HE0415,OF129,2025-11-16,4,Aprobada
HE0416,OF281,2025-04-03,1,Aprobada
HE0417,OF265,2025-04-06,4,Aprobada
HE0418,OF240,2025-05-18,5,Aprobada
HE0419,OF223,2025-10-17,5,Aprobada
HE0420,OF268,2025-04-13,2,Aprobada
HE0421,OF124,2025-03-19,5,Aprobada
HE0422,OF154,2025-08-11,3,Aprobada
HE0423,OF033,2025-11-21,2,Pendiente
HE0424,OF137,2025-05-27,5,Aprobada
HE0425,OF121,2025-07-27,2,Aprobada
HE0426,OF099,2025-01-15,2,Pendiente
HE0427,OF159,2025-08-26,3,Aprobada
HE0428,OF224,2025-08-05,5,Rechazada
HE0429,OF104,2025-03-23,2,Aprobada
HE0430,OF133,2025-05-23,5,Aprobada
HE0431,OF022,2025-09-06,6,Aprobada
HE0432,OF043,2025-06-10,4,Aprobada
HE0433,OF033,2025-07-28,2,Aprobada
HE0434,OF047,2025-07-23,6,Pendiente
HE0435,OF072,2025-05-01,1,Aprobada
HE0436,OF257,2025-03-03,4,Aprobada
HE0437,OF298,2025-09-26,2,Aprobada
HE0438,OF047,2025-05-02,4,Aprobada
HE0439,OF161,2025-06-18,6,Aprobada
HE0440,OF200,2025-05-01,3,Aprobada
HE0441,OF055,2025-03-31,2,Rechazada
HE0442,OF226,2025-07-29,2,Pendiente
HE0443,OF029,2025-09-09,4,Aprobada
HE0444,OF058,2025-06-12,4,Aprobada
HE0445,OF127,2025-05-23,6,Rechazada
HE0446,OF186,2025-09-01,5,Aprobada
HE0447,OF158,2025-01-11,5,Rechazada
HE0448,OF018,2025-12-06,6,Rechazada
HE0449,OF123,2025-05-10,4,Aprobada
HE0450,OF186,2025-12-17,1,Aprobada
HE0451,OF122,2025-08-15,3,Aprobada
HE0452,OF202,2025-05-11,2,Aprobada
HE0453,OF121,2025-06-02,2,Pendiente
HE0454,OF083,2025-08-13,5,Aprobada
HE0455,OF209,2025-01-18,2,Pendiente
HE0456,OF252,2025-08-30,5,Aprobada
HE0457,OF171,2025-08-05,6,Aprobada
HE0458,OF083,2025-12-24,2,Aprobada
HE0459,OF181,2025-08-04,4,Pendiente
HE0460,OF281,2025-06-17,3,Aprobada
HE0461,OF027,2025-11-25,5,Aprobada
HE0462,OF228,2025-11-25,2,Aprobada
HE0463,OF103,2025-11-18,2,Aprobada
HE0464,OF043,2025-02-26,2,Aprobada
HE0465,OF067,2025-11-01,5,Aprobada
HE0466,OF164,2025-08-20,3,Pendiente
HE0467,OF069,2025-05-14,2,Aprobada
HE0468,OF168,2025-05-25,2,Aprobada
HE0469,OF189,2025-04-04,3,Pendiente
HE0470,OF293,2025-04-25,1,Rechazada
HE0471,OF286,2025-11-28,4,Aprobada
HE0472,OF046,2025-08-25,2,Aprobada
HE0473,OF087,2025-01-26,3,Aprobada
HE0474,OF134,2025-03-18,1,Rechazada
HE0475,OF088,2025-10-18,1,Aprobada
HE0476,OF270,2025-08-11,6,Rechazada
HE0477,OF233,2025-12-11,3,Aprobada
HE0478,OF105,2025-04-08,6,Pendiente
HE0479,OF137,2025-05-28,5,Aprobada
HE0480,OF067,2025-08-09,6,Aprobada
HE0481,OF111,2025-05-25,5,Aprobada
HE0482,OF215,2025-04-03,3,Pendiente
HE0483,OF015,2025-05-29,2,Aprobada
HE0484,OF231,2025-05-08,2,Aprobada
HE0485,OF235,2025-02-13,1,Aprobada
HE0486,OF166,2025-12-21,3,Aprobada
HE0487,OF197,2025-12-29,3,Pendiente
HE0488,OF132,2025-02-07,1,Aprobada
HE0489,OF027,2025-06-20,2,Aprobada
HE0490,OF182,2025-11-07,5,Rechazada
HE0491,OF024,2025-01-03,2,Aprobada
HE0492,OF196,2025-06-04,3,Aprobada
HE0493,OF068,2025-10-14,1,Aprobada
HE0494,OF134,2025-03-28,4,Aprobada
HE0495,OF174,2025-08-28,2,Aprobada
HE0496,OF272,2025-08-10,2,Aprobada
HE0497,OF161,2025-01-23,2,Aprobada
HE0498,OF144,2025-07-04,3,Aprobada
HE0499,OF135,2025-11-10,6,Pendiente
HE0500,OF136,2025-09-22,2,Aprobada
HE0501,OF085,2025-06-11,5,Rechazada
HE0502,OF078,2025-10-12,6,Rechazada
HE0503,OF226,2025-01-28,2,Aprobada
HE0504,OF118,2025-04-04,1,Aprobada
HE0505,OF084,2025-12-28,3,Aprobada
HE0506,OF254,2025-01-21,3,Aprobada
HE0507,OF288,2025-09-06,3,Aprobada
HE0508,OF076,2025-03-05,2,Aprobada
HE0509,OF146,2025-04-03,6,Aprobada
HE0510,OF261,2025-05-20,4,Pendiente
HE0511,OF300,2025-04-19,4,Rechazada
HE0512,OF003,2025-09-27,6,Aprobada
HE0513,OF214,2025-02-09,2,Pendiente
HE0514,OF049,2025-06-18,1,Aprobada
HE0515,OF063,2025-07-21,2,Aprobada
HE0516,OF055,2025-06-15,2,Aprobada
HE0517,OF236,2025-12-29,5,Aprobada
HE0518,OF138,2025-11-01,5,Aprobada
HE0519,OF023,2025-12-02,4,Rechazada
HE0520,OF167,2025-10-19,2,Aprobada
HE0521,OF025,2025-11-26,2,Aprobada
HE0522,OF029,2025-02-06,4,Rechazada
HE0523,OF196,2025-02-17,3,Aprobada
HE0524,OF123,2025-07-24,1,Aprobada
HE0525,OF107,2025-03-25,3,Pendiente
HE0526,OF146,2025-11-28,6,Rechazada
HE0527,OF079,2025-03-03,2,Aprobada
HE0528,OF222,2025-06-08,5,Aprobada
HE0529,OF184,2025-12-07,1,Pendiente
HE0530,OF263,2025-04-13,3,Aprobada
HE0531,OF199,2025-09-01,2,Aprobada
HE0532,OF217,2025-02-16,6,Aprobada
HE0533,OF189,2025-11-11,2,Aprobada
HE0534,OF219,2025-02-17,1,Aprobada
HE0535,OF238,2025-12-13,2,Aprobada
HE0536,OF080,2025-09-11,4,Aprobada
HE0537,OF269,2025-02-12,2,Aprobada
HE0538,OF041,2025-09-02,2,Aprobada
HE0539,OF066,2025-12-17,2,Pendiente
HE0540,OF268,2025-08-07,2,Aprobada
HE0541,OF283,2025-02-09,1,Aprobada
HE0542,OF262,2025-08-06,3,Aprobada
HE0543,OF292,2025-05-10,2,Aprobada
HE0544,OF042,2025-09-15,1,Aprobada
HE0545,OF237,2025-04-02,6,Aprobada
HE0546,OF202,2025-01-24,1,Aprobada
HE0547,OF153,2025-06-10,4,Pendiente
HE0548,OF231,2025-11-16,6,Aprobada
HE0549,OF096,2025-04-19,2,Aprobada
HE0550,OF133,2025-12-11,1,Aprobada
HE0551,OF010,2025-01-03,3,Aprobada
HE0552,OF088,2025-12-02,3,Aprobada
HE0553,OF208,2025-12-03,5,Aprobada
HE0554,OF250,2025-06-05,4,Pendiente
HE0555,OF185,2025-12-20,5,Rechazada
HE0556,OF203,2025-06-04,1,Aprobada
HE0557,OF008,2025-04-08,1,Pendiente
HE0558,OF097,2025-01-14,2,Aprobada
HE0559,OF075,2025-11-29,2,Aprobada
HE0560,OF276,2025-04-08,1,Aprobada
HE0561,OF238,2025-03-17,3,Aprobada
HE0562,OF060,2025-03-27,2,Pendiente
HE0563,OF228,2025-09-06,3,Aprobada
HE0564,OF231,2025-10-27,2,Aprobada
HE0565,OF292,2025-07-20,1,Aprobada
HE0566,OF053,2025-11-19,6,Pendiente
HE0567,OF213,2025-09-11,5,Aprobada
HE0568,OF284,2025-05-29,1,Aprobada
HE0569,OF249,2025-09-20,4,Pendiente
HE0570,OF250,2025-04-29,5,Aprobada
HE0571,OF010,2025-08-05,4,Aprobada
HE0572,OF033,2025-05-18,5,Aprobada
HE0573,OF243,2025-03-01,3,Aprobada
HE0574,OF178,2025-08-18,5,Aprobada
HE0575,OF083,2025-05-28,5,Aprobada
HE0576,OF177,2025-08-13,2,Aprobada
HE0577,OF174,2025-11-05,6,Pendiente
HE0578,OF240,2025-03-09,2,Pendiente
HE0579,OF200,2025-08-02,6,Rechazada
HE0580,OF185,2025-08-30,6,Rechazada
HE0581,OF083,2025-11-15,2,Aprobada
HE0582,OF045,2025-12-08,3,Aprobada
HE0583,OF103,2025-03-22,4,Aprobada
HE0584,OF213,2025-09-10,2,Aprobada
HE0585,OF286,2025-01-25,1,Aprobada
HE0586,OF134,2025-07-02,5,Aprobada
HE0587,OF258,2025-01-17,6,Aprobada
HE0588,OF221,2025-02-28,4,Aprobada
HE0589,OF288,2025-04-25,3,Aprobada
HE0590,OF175,2025-07-01,6,Aprobada
HE0591,OF286,2025-05-17,2,Pendiente
HE0592,OF264,2025-11-06,5,Aprobada
HE0593,OF026,2025-08-13,6,Aprobada
HE0594,OF057,2025-02-24,6,Aprobada
HE0595,OF053,2025-10-15,1,Aprobada
HE0596,OF086,2025-11-19,1,Pendiente
HE0597,OF186,2025-03-22,5,Aprobada
HE0598,OF227,2025-09-17,3,Pendiente
HE0599,OF051,2025-03-20,5,Aprobada
HE0600,OF071,2025-03-04,6,Aprobada
HE0601,OF213,2025-01-04,2,Pendiente
HE0602,OF243,2025-06-24,2,Aprobada
HE0603,OF044,2025-05-17,2,Pendiente
HE0604,OF213,2025-07-04,5,Aprobada
HE0605,OF078,2025-09-29,3,Pendiente
HE0606,OF071,2025-08-08,3,Rechazada
HE0607,OF235,2025-09-22,6,Aprobada
HE0608,OF016,2025-08-15,2,Pendiente
HE0609,OF265,2025-02-05,1,Aprobada
HE0610,OF206,2025-03-26,3,Aprobada
HE0611,OF019,2025-12-05,5,Aprobada
HE0612,OF295,2025-01-30,5,Rechazada
HE0613,OF267,2025-06-01,3,Aprobada
HE0614,OF284,2025-06-05,5,Pendiente
HE0615,OF177,2025-01-05,6,Aprobada
HE0616,OF271,2025-11-09,2,Pendiente
HE0617,OF229,2025-11-26,2,Pendiente
HE0618,OF227,2025-12-24,2,Pendiente
HE0619,OF208,2025-04-12,2,Aprobada
HE0620,OF276,2025-06-21,3,Pendiente
HE0621,OF065,2025-09-24,4,Aprobada
HE0622,OF048,2025-09-19,4,Aprobada
HE0623,OF175,2025-11-22,2,Aprobada
HE0624,OF277,2025-10-31,2,Aprobada
HE0625,OF156,2025-08-05,4,Aprobada
HE0626,OF031,2025-07-10,2,Aprobada
HE0627,OF182,2025-03-05,1,Pendiente
HE0628,OF064,2025-08-18,2,Aprobada
HE0629,OF003,2025-08-21,2,Rechazada
HE0630,OF298,2025-10-17,5,Pendiente
HE0631,OF274,2025-11-01,2,Aprobada
HE0632,OF146,2025-12-08,6,Pendiente
HE0633,OF294,2025-12-11,2,Pendiente
HE0634,OF267,2025-05-07,1,Aprobada
HE0635,OF299,2025-04-09,6,Pendiente
HE0636,OF233,2025-02-20,2,Pendiente
HE0637,OF211,2025-02-11,1,Aprobada
HE0638,OF067,2025-09-01,2,Aprobada
HE0639,OF190,2025-12-13,4,Aprobada
HE0640,OF287,2025-09-23,6,Aprobada
HE0641,OF136,2025-10-27,3,Aprobada
HE0642,OF226,2025-12-19,3,Pendiente
HE0643,OF214,2025-03-25,2,Aprobada
HE0644,OF249,2025-12-31,3,Aprobada
HE0645,OF263,2025-09-28,1,Aprobada
HE0646,OF234,2025-08-31,1,Pendiente
HE0647,OF287,2025-07-09,1,Aprobada
HE0648,OF210,2025-02-26,1,Aprobada
HE0649,OF149,2025-01-21,4,Aprobada
HE0650,OF191,2025-06-06,2,Aprobada
HE0651,OF249,2025-01-15,6,Aprobada
HE0652,OF216,2025-01-25,2,Pendiente
HE0653,OF111,2025-04-04,6,Pendiente
HE0654,OF002,2025-03-04,4,Aprobada
HE0655,OF023,2025-08-02,3,Aprobada
HE0656,OF290,2025-08-20,2,Pendiente
HE0657,OF244,2025-11-07,2,Pendiente
HE0658,OF259,2025-11-22,3,Pendiente
HE0659,OF230,2025-03-18,6,Pendiente
HE0660,OF046,2025-11-16,5,Aprobada
HE0661,OF199,2025-04-30,3,Aprobada
HE0662,OF024,2025-12-10,3,Pendiente
HE0663,OF046,2025-03-26,5,Aprobada
HE0664,OF159,2025-10-15,5,Aprobada
HE0665,OF287,2025-02-13,2,Rechazada
HE0666,OF278,2025-10-23,6,Aprobada
HE0667,OF292,2025-09-25,2,Pendiente
HE0668,OF258,2025-01-10,1,Aprobada
HE0669,OF273,2025-04-03,1,Aprobada
HE0670,OF106,2025-05-06,6,Pendiente
HE0671,OF297,2025-08-16,1,Pendiente
HE0672,OF165,2025-07-25,4,Aprobada
HE0673,OF012,2025-06-24,3,Aprobada
HE0674,OF013,2025-09-28,2,Aprobada
HE0675,OF047,2025-02-28,1,Aprobada
HE0676,OF147,2025-03-15,2,Aprobada
HE0677,OF046,2025-03-20,2,Rechazada
HE0678,OF087,2025-01-31,4,Rechazada
HE0679,OF093,2025-01-14,5,Aprobada
HE0680,OF200,2025-02-20,2,Aprobada
HE0681,OF166,2025-05-13,3,Rechazada
HE0682,OF062,2025-01-27,2,Aprobada
HE0683,OF122,2025-09-10,4,Pendiente
HE0684,OF198,2025-02-28,2,Aprobada
HE0685,OF238,2025-10-11,3,Aprobada
HE0686,OF015,2025-07-28,5,Aprobada
HE0687,OF010,2025-05-18,4,Rechazada
HE0688,OF052,2025-05-07,6,Aprobada
HE0689,OF065,2025-06-05,4,Aprobada
HE0690,OF043,2025-11-22,4,Aprobada
HE0691,OF073,2025-07-11,4,Rechazada
HE0692,OF126,2025-10-03,3,Rechazada
HE0693,OF285,2025-08-20,1,Aprobada
HE0694,OF238,2025-11-14,2,Aprobada
HE0695,OF086,2025-01-01,1,Rechazada
HE0696,OF247,2025-05-20,4,Aprobada
HE0697,OF195,2025-06-29,6,Aprobada
HE0698,OF300,2025-09-19,2,Aprobada
HE0699,OF274,2025-10-16,1,Aprobada
HE0700,OF203,2025-12-24,1,Pendiente
HE0701,OF285,2025-05-24,3,Aprobada
HE0702,OF259,2025-06-12,5,Rechazada
HE0703,OF134,2025-12-29,3,Aprobada
HE0704,OF165,2025-06-24,2,Aprobada
HE0705,OF169,2025-01-09,5,Aprobada
HE0706,OF002,2025-11-08,3,Aprobada
HE0707,OF005,2025-12-11,2,Aprobada
HE0708,OF251,2025-07-21,4,Aprobada
HE0709,OF040,2025-10-03,1,Pendiente
HE0710,OF228,2025-12-11,1,Aprobada
HE0711,OF193,2025-11-04,2,Aprobada
HE0712,OF005,2025-03-05,3,Aprobada
HE0713,OF099,2025-08-16,1,Aprobada
HE0714,OF011,2025-05-24,5,Rechazada
HE0715,OF184,2025-04-09,1,Pendiente
HE0716,OF156,2025-04-24,2,Rechazada
HE0717,OF186,2025-01-19,2,Aprobada
HE0718,OF108,2025-01-04,2,Rechazada
HE0719,OF203,2025-02-26,6,Aprobada
HE0720,OF257,2025-09-10,2,Aprobada
HE0721,OF290,2025-12-11,5,Aprobada
HE0722,OF090,2025-02-03,4,Aprobada
HE0723,OF034,2025-03-07,2,Rechazada
HE0724,OF117,2025-09-25,5,Pendiente
HE0725,OF099,2025-12-14,1,Rechazada
HE0726,OF273,2025-11-11,2,Aprobada
HE0727,OF233,2025-01-02,3,Aprobada
HE0728,OF027,2025-06-15,3,Pendiente
HE0729,OF209,2025-05-21,1,Aprobada
HE0730,OF239,2025-09-11,2,Aprobada
HE0731,OF023,2025-04-25,1,Aprobada
HE0732,OF216,2025-09-30,3,Aprobada
HE0733,OF201,2025-04-10,2,Aprobada
HE0734,OF293,2025-01-13,5,Aprobada
HE0735,OF217,2025-02-08,2,Aprobada
HE0736,OF169,2025-06-09,1,Aprobada
HE0737,OF050,2025-01-15,3,Aprobada
HE0738,OF013,2025-10-31,6,Aprobada
HE0739,OF172,2025-05-09,2,Aprobada
HE0740,OF123,2025-06-24,6,Aprobada
HE0741,OF171,2025-09-24,6,Aprobada
HE0742,OF038,2025-11-04,4,Aprobada
HE0743,OF049,2025-11-17,3,Aprobada
HE0744,OF044,2025-02-01,1,Aprobada
HE0745,OF034,2025-03-07,1,Rechazada
HE0746,OF227,2025-01-29,2,Aprobada
HE0747,OF222,2025-02-03,1,Aprobada
HE0748,OF287,2025-01-27,2,Pendiente
HE0749,OF206,2025-02-19,4,Pendiente
HE0750,OF120,2025-11-03,6,Aprobada
HE0751,OF006,2025-08-21,3,Aprobada
HE0752,OF220,2025-11-14,4,Aprobada
HE0753,OF014,2025-08-21,4,Aprobada
HE0754,OF099,2025-02-25,1,Aprobada
HE0755,OF035,2025-10-31,6,Pendiente
HE0756,OF294,2025-03-06,5,Aprobada
HE0757,OF182,2025-08-04,3,Pendiente
HE0758,OF228,2025-04-06,2,Aprobada
HE0759,OF023,2025-01-31,2,Aprobada
HE0760,OF224,2025-09-20,5,Pendiente
HE0761,OF160,2025-10-26,4,Pendiente
HE0762,OF076,2025-08-29,2,Aprobada
HE0763,OF150,2025-07-08,1,Aprobada
HE0764,OF075,2025-01-30,2,Aprobada
HE0765,OF287,2025-01-28,3,Aprobada
HE0766,OF103,2025-11-24,2,Pendiente
HE0767,OF175,2025-04-07,5,Aprobada
HE0768,OF240,2025-11-04,5,Aprobada
HE0769,OF297,2025-10-17,2,Aprobada
HE0770,OF215,2025-06-18,2,Aprobada
HE0771,OF022,2025-09-11,2,Rechazada
HE0772,OF115,2025-12-21,2,Aprobada
HE0773,OF110,2025-05-03,3,Pendiente
HE0774,OF170,2025-07-12,2,Aprobada
HE0775,OF004,2025-07-05,1,Aprobada
HE0776,OF016,2025-10-12,1,Aprobada
HE0777,OF226,2025-04-10,5,Aprobada
HE0778,OF185,2025-01-23,1,Aprobada
HE0779,OF146,2025-03-31,2,Pendiente
HE0780,OF090,2025-06-23,6,Aprobada
HE0781,OF092,2025-04-11,1,Aprobada
HE0782,OF135,2025-02-21,1,Pendiente
HE0783,OF071,2025-07-14,5,Pendiente
HE0784,OF057,2025-06-23,2,Aprobada
HE0785,OF123,2025-07-09,6,Aprobada
HE0786,OF088,2025-09-27,6,Rechazada
HE0787,OF223,2025-12-31,1,Aprobada
HE0788,OF067,2025-04-08,2,Aprobada
HE0789,OF192,2025-06-12,4,Aprobada
HE0790,OF126,2025-01-24,6,Aprobada
HE0791,OF097,2025-10-02,2,Pendiente
HE0792,OF168,2025-05-07,1,Aprobada
HE0793,OF144,2025-03-06,6,Aprobada
HE0794,OF300,2025-09-08,2,Pendiente
HE0795,OF241,2025-12-06,4,Aprobada
HE0796,OF261,2025-07-18,6,Pendiente
HE0797,OF261,2025-07-11,3,Aprobada
HE0798,OF092,2025-06-14,5,Aprobada
HE0799,OF248,2025-09-11,3,Aprobada
HE0800,OF206,2025-11-23,6,Aprobada
